[
    {
        "fields": {
            "direct_dialogue": false,
            "name": "Darujme.cz",
            "slug": "darujme"
        },
        "model": "aklub.source",
        "pk": 10
    },
    {
        "fields": {
            "name": "test"
        },
        "model": "aklub.administrativeunit",
        "pk": 1
    },
    {
        "fields": {
            "amount": 150,
            "date": "2016-2-9",
            "type": "cash",
            "user_donor_payment_channel": "2978"
        },
        "model": "aklub.payment",
        "pk": 1
    },
    {
        "fields": {
            "amount": 100,
            "date": "2016-3-9",
            "type": "bank-transfer",
            "user_donor_payment_channel": "2978"
        },
        "model": "aklub.payment",
        "pk": 2
    },
    {
        "fields": {
            "amount": 0,
            "date": "2016-9-23",
            "type": "darujme",
            "SS": "22259",
            "user_donor_payment_channel": "2979"
        },
        "model": "aklub.payment",
        "pk": 6
    },
    {
        "fields": {
            "amount": 100,
            "date": "2016-2-9",
            "type": "darujme",
            "SS": "22258",
            "operation_id": "13954",
            "user_donor_payment_channel": "2978"
        },
        "model": "aklub.payment",
        "pk": 3
    },
    {
        "fields": {
            "amount": 130,
            "date": "2016-1-9",
            "operation_id": "13950",
            "type": "darujme"
        },
        "model": "aklub.payment",
        "pk": 5
    },
    {
        "fields": {
            "slug": "web",
            "name": "Web"
        },
        "model": "aklub.source",
        "pk": 2
    },
    {
        "fields": {
            "slug": "dpnk",
            "name": "Do práce na kole"
        },
        "model": "aklub.source",
        "pk": 1
    },
    {
        "fields": {
            "registered": "2015-12-16",
            "recruiter_id": "123",
            "firstname": "Testing",
            "telephone": "123456789",
            "surname": "Recruiter",
            "campaigns": [1]
        },
        "model": "aklub.recruiter",
        "pk": 1
    },
    {
	"model": "aklub.profile",
	"pk": 2979,
	"fields": {
            "polymorphic_ctype": ["aklub", "userprofile"],
            "last_login": null,
            "is_superuser": false,
            "username": "test.user3",
            "is_staff": false,
            "is_active": true,
            "date_joined": "2016-09-16T16:22:30.128Z",
            "email": "test.user1@email.cz",
            "password": null,
            "addressment": "Zbyn\u011bku",
            "addressment_on_envelope": "",
            "language": "en",
            "street": "",
            "city": "Praha 4",
            "country": "\u010cesk\u00e1 republika",
            "zip_code": "",
            "different_correspondence_address": false,
            "correspondence_street": "",
            "correspondence_city": "",
            "correspondence_country": "\u010cesk\u00e1 republika",
            "correspondence_zip_code": "",
            "other_support": "",
            "profile_text": null,
            "profile_picture": "",
            "club_card_available": false,
            "club_card_dispatched": false,
            "other_benefits": "",
            "note": "",
            "created": "2019-08-02T09:32:12.836Z",
            "updated": "2019-08-02T09:32:12.836Z",
            "groups": [],
            "user_permissions": [],
            "campaigns": [1],
            "administrative_units": [],
            "administrated_units": []
	}
    },
    {
	"model": "aklub.preference",
	"pk": 2979,
	"fields": {
            "public": true,
            "send_mailing_lists": true,
            "newsletter_on": false,
            "call_on": false,
            "challenge_on": false,
            "letter_on": false,
            "administrative_unit": 1,
	          "user": 2979
	}
    },
    {
	"model": "aklub.profileemail",
	"pk": 2979,
	"fields": {
            "email": "test.user1@email.cz",
            "is_primary": true,
	    "note": "test",
	    "user": 2979
	}
    },
    {
	"model": "aklub.userprofile",
	"pk": 2979,
	"fields": {
            "sex": "male",
	    "title_before": "Ing.",
	    "title_after": "Phdr.",
            "age_group": null,
            "birth_month": null,
            "birth_day": null,
	    "first_name": "Test",
            "last_name": "User 1"
	}
    },
    {
        "fields": {
            "amount": 130,
            "date": "2016-1-9",
            "type": "darujme",
            "SS": "22259",
            "user_donor_payment_channel": "2979"
        },
        "model": "aklub.payment",
        "pk": 4
    },
    {
        "fields": {
            "polymorphic_ctype": ["aklub", "apiaccount"],
            "administrative_unit": 1
        },
        "model": "aklub.moneyaccount",
        "pk": 1
    },
    {
        "fields": {
            "event": 2,
            "project_id": "38571205",
            "project_name": "Klub přátel Auto*Matu"
        },
        "model": "aklub.apiaccount",
        "pk": 1
    },
    {
        "fields": {
            "polymorphic_ctype": ["aklub", "apiaccount"],
            "administrative_unit": 1
        },
        "model": "aklub.moneyaccount",
        "pk": 2
    },
    {
        "fields": {
            "event": 3,
            "project_id": "13934713",
            "project_name": "Zažít město jinak"
        },
        "model": "aklub.apiaccount",
        "pk": 2
    },
    {
        "fields": {
            "expected_date_of_first_payment": "2015-12-16",
            "no_upgrade": false,
            "registered_support": "2015-12-16T18:22:30.128",
            "money_account": 1,
            "regular_amount": null,
            "regular_frequency": null,
            "regular_payments": "onetime",
            "money_account": 1,
            "VS": "130430001",
            "user": "2979",
            "event": 2
        },
        "model": "aklub.donorpaymentchannel",
        "pk": 2979
    },
    {
	"model": "aklub.profile",
	"pk": 2978,
	"fields": {
            "polymorphic_ctype": ["aklub", "userprofile"],
            "last_login": null,
            "is_superuser": false,
            "username": "testuser0",
            "is_staff": false,
            "is_active": true,
            "date_joined": "2016-09-16T16:22:30.128Z",
            "email": "test.user@email.cz",
            "password": null,
            "addressment": "Zbyn\u011bku",
            "addressment_on_envelope": "",
            "language": "cs",
            "street": "",
            "city": "Praha 4",
            "country": "\u010cesk\u00e1 republika",
            "zip_code": "",
            "different_correspondence_address": false,
            "correspondence_street": "",
            "correspondence_city": "",
            "correspondence_country": "\u010cesk\u00e1 republika",
            "correspondence_zip_code": "",
            "other_support": "",
            "profile_text": null,
            "profile_picture": "",
            "club_card_available": false,
            "club_card_dispatched": false,
            "other_benefits": "",
            "note": "",
            "created": "2019-08-02T09:32:12.838Z",
            "updated": "2019-08-02T09:32:12.838Z",
            "groups": [],
            "user_permissions": [],
            "campaigns": [],
            "administrative_units": [],
            "administrated_units": []
	}
    },
    {
	"model": "aklub.preference",
	"pk": 2978,
	"fields": {
            "public": true,
            "send_mailing_lists": true,
            "newsletter_on": false,
            "call_on": false,
            "challenge_on": false,
            "letter_on": false,
            "administrative_unit": 1,
	          "user": 2978
	}
    },
    {
	"model": "aklub.profileemail",
	"pk": 2978,
	"fields": {
            "email": "test.user@email.cz",
            "is_primary": true,
	    "note": "test",
	    "user": 2978
	}
    },
    {
	"model": "aklub.userprofile",
	"pk": 2978,
	"fields": {
            "sex": "male",
	    "title_before": "",
            "title_after": "",
            "age_group": null,
            "birth_month": null,
            "birth_day": null,
	    "first_name": "Test",
            "last_name": "User"
	}
    },
    {
        "fields": {
            "dispatched": "False",
            "date": "2016-2-9",
            "user": "2978",
            "administrative_unit": 1
        },
        "model": "aklub.interaction",
        "pk": 1
    },
    {
        "fields": {
            "import_date": "2016-08-01",
            "type": "account"
        },
        "model": "aklub.accountstatements",
        "pk": 1
    },
    {
        "fields": {
            "user_profile": 2978,
            "year": "2014",
            "amount": "2014"
        },
        "model": "aklub.taxconfirmation",
        "pk": 1
    },
    {
        "fields": {
            "name": "Prahou na kole",
            "created": "2015-12-16",
            "slug": "pnk"
        },
        "model": "aklub.event",
        "pk": 1
    },
    {
        "fields": {
            "name": "Klub přátel Auto*Matu",
            "created": "2015-12-16",
            "slug": "klub",
            "allow_statistics": true,
            "acquisition_campaign": true,
            "enable_signing_petitions": true,
            "enable_registration": true
        },
        "model": "aklub.event",
        "pk": 2
    },
    {
        "fields": {
            "name": "Zažít město jinak",
            "created": "2015-12-16",
            "slug": "zmj",
            "allow_statistics": true,
            "acquisition_campaign": true
        },
        "model": "aklub.event",
        "pk": 3
    },
    {
        "fields": {
            "item": "Testing expense",
            "amount": 123,
            "campaign": 2
        },
        "model": "aklub.expense",
        "pk": 1
    },
    {
        "fields": {
            "user": 2978,
            "expected_date_of_first_payment":  "2015-12-16",
            "no_upgrade": false,
            "registered_support": "2015-12-16T18:22:30.128",
            "regular_amount": 100,
            "money_account" : 1,
            "regular_frequency": "monthly",
            "regular_payments": "regular",
            "money_account": 1,
            "event": 2,
            "VS": "120127010"
        },
        "model": "aklub.donorpaymentchannel",
        "pk": 2978
    },
    {
        "fields": {
            "user": 2978,
            "event": 2,
            "public": true,
            "email_confirmed": true,
            "date": "2016-12-16T18:22:30.128"
        },
        "model": "aklub.petitionsignature",
        "pk": 2978
    },
    {
        "fields": {
            "user": 2978,
            "event": 2,
            "email_confirmed": true,
            "date": "2015-12-16T18:22:30.128"
        },
        "model": "aklub.petitionsignature",
        "pk": 2979
    },
    {
        "fields": {
            "user": 2978,
            "event": 2,
            "email_confirmed": true,
            "date": "2017-12-16T18:22:30.128"
        },
        "model": "aklub.petitionsignature",
        "pk": 3
    },
    {
	"model": "aklub.profile",
	"pk": 3,
	"fields": {
            "polymorphic_ctype": ["aklub", "userprofile"],
            "last_login": null,
            "is_superuser": false,
            "username": "without_payments",
            "is_staff": false,
            "is_active": true,
            "date_joined": "2016-09-16T16:22:30.128Z",
            "email": "without_payments@email.cz",
            "password": null,
            "addressment": "Street",
            "addressment_on_envelope": "",
            "language": "cs",
            "street": "",
            "city": "Praha 4",
            "country": "\u010cesk\u00e1 republika",
            "zip_code": "",
            "different_correspondence_address": false,
            "correspondence_street": "",
            "correspondence_city": "",
            "correspondence_country": "\u010cesk\u00e1 republika",
            "correspondence_zip_code": "",
            "other_support": "",
            "profile_text": null,
            "profile_picture": "",
            "club_card_available": false,
            "club_card_dispatched": false,
            "other_benefits": "",
            "note": "",
            "created": "2019-08-02T09:32:12.841Z",
            "updated": "2019-08-02T09:32:12.841Z",
            "groups": [],
            "user_permissions": [],
            "campaigns": [],
            "administrative_units": [],
            "administrated_units": []
	}
    },
    {
	"model": "aklub.profileemail",
	"pk": 3,
	"fields": {
            "email": "without_payments@email.cz",
            "is_primary": true,
	    "note": "test",
	    "user": 3
	}
    },
    {
	"model": "aklub.userprofile",
	"pk": 3,
	"fields": {
            "sex": "male",
	    "title_before": "",
            "title_after": "",
            "age_group": null,
            "birth_month": null,
            "birth_day": null,
            "first_name": "Without",
            "last_name": "Payments"
	}
    },
    {
	"model": "aklub.preference",
	"pk": 3,
	"fields": {
            "public": true,
            "send_mailing_lists": true,
            "newsletter_on": false,
            "call_on": false,
            "challenge_on": false,
            "letter_on": false,
            "administrative_unit": 1,
	          "user": 3
	}
    },
    {
        "fields": {
            "user": 3,
            "expected_date_of_first_payment":  "2015-12-16",
            "no_upgrade": false,
            "registered_support": "2015-12-16T18:22:30.128",
            "regular_amount": 100,
            "regular_frequency": null,
            "regular_payments": "regular",
            "money_account": 1,
            "event": 2,
            "VS": ""
        },
        "model": "aklub.donorpaymentchannel",
        "pk": 3
    },
    {
        "fields": {
            "user": 3,
            "expected_date_of_first_payment":  "2015-12-16",
            "no_upgrade": false,
            "registered_support": "2015-12-16T18:22:30.128",
            "regular_amount": 100,
            "regular_frequency": null,
            "regular_payments": "promise",
            "money_account": 2,
            "event": 1,
            "VS": "121212"
        },
        "model": "aklub.donorpaymentchannel",
        "pk": 4
    }
]
